48,caksep48,P@55word_48
294,caksep294,P@55word_294
239,caksep239,P@55word_239
226,caksep226,P@55word_226
139,caksep139,P@55word_139
394,caksep394,P@55word_394
211,caksep211,P@55word_211
233,caksep233,P@55word_233
452,caksep452,P@55word_452
78,caksep78,P@55word_78
176,caksep176,P@55word_176
281,caksep281,P@55word_281
426,caksep426,P@55word_426
15,caksep15,P@55word_15
179,caksep179,P@55word_179
257,caksep257,P@55word_257
353,caksep353,P@55word_353
205,caksep205,P@55word_205
397,caksep397,P@55word_397
303,caksep303,P@55word_303
379,caksep379,P@55word_379
33,caksep33,P@55word_33
57,caksep57,P@55word_57
89,caksep89,P@55word_89
340,caksep340,P@55word_340
409,caksep409,P@55word_409
404,caksep404,P@55word_404
335,caksep335,P@55word_335
283,caksep283,P@55word_283
418,caksep418,P@55word_418
255,caksep255,P@55word_255
169,caksep169,P@55word_169
196,caksep196,P@55word_196
171,caksep171,P@55word_171
134,caksep134,P@55word_134
21,caksep21,P@55word_21
365,caksep365,P@55word_365
251,caksep251,P@55word_251
242,caksep242,P@55word_242
151,caksep151,P@55word_151
55,caksep55,P@55word_55
359,caksep359,P@55word_359
337,caksep337,P@55word_337
137,caksep137,P@55word_137
413,caksep413,P@55word_413
282,caksep282,P@55word_282
352,caksep352,P@55word_352
355,caksep355,P@55word_355
20,caksep20,P@55word_20
324,caksep324,P@55word_324
411,caksep411,P@55word_411
248,caksep248,P@55word_248
219,caksep219,P@55word_219
292,caksep292,P@55word_292
9,caksep9,P@55word_9
113,caksep113,P@55word_113
293,caksep293,P@55word_293
199,caksep199,P@55word_199
321,caksep321,P@55word_321
146,caksep146,P@55word_146
344,caksep344,P@55word_344
215,caksep215,P@55word_215
347,caksep347,P@55word_347
390,caksep390,P@55word_390
432,caksep432,P@55word_432
360,caksep360,P@55word_360
396,caksep396,P@55word_396
288,caksep288,P@55word_288
398,caksep398,P@55word_398
106,caksep106,P@55word_106
138,caksep138,P@55word_138
26,caksep26,P@55word_26
85,caksep85,P@55word_85
170,caksep170,P@55word_170
204,caksep204,P@55word_204
4,caksep4,P@55word_4
262,caksep262,P@55word_262
414,caksep414,P@55word_414
39,caksep39,P@55word_39
285,caksep285,P@55word_285
212,caksep212,P@55word_212
296,caksep296,P@55word_296
421,caksep421,P@55word_421
177,caksep177,P@55word_177
82,caksep82,P@55word_82
44,caksep44,P@55word_44
1,caksep1,P@55word_1
224,caksep224,P@55word_224
312,caksep312,P@55word_312
58,caksep58,P@55word_58
220,caksep220,P@55word_220
261,caksep261,P@55word_261
402,caksep402,P@55word_402
375,caksep375,P@55word_375
186,caksep186,P@55word_186
244,caksep244,P@55word_244
69,caksep69,P@55word_69
75,caksep75,P@55word_75
40,caksep40,P@55word_40
357,caksep357,P@55word_357
351,caksep351,P@55word_351
369,caksep369,P@55word_369
184,caksep184,P@55word_184
145,caksep145,P@55word_145
25,caksep25,P@55word_25
427,caksep427,P@55word_427
436,caksep436,P@55word_436
270,caksep270,P@55word_270
122,caksep122,P@55word_122
45,caksep45,P@55word_45
198,caksep198,P@55word_198
412,caksep412,P@55word_412
159,caksep159,P@55word_159
275,caksep275,P@55word_275
387,caksep387,P@55word_387
150,caksep150,P@55word_150
156,caksep156,P@55word_156
67,caksep67,P@55word_67
354,caksep354,P@55word_354
80,caksep80,P@55word_80
109,caksep109,P@55word_109
208,caksep208,P@55word_208
190,caksep190,P@55word_190
160,caksep160,P@55word_160
158,caksep158,P@55word_158
214,caksep214,P@55word_214
12,caksep12,P@55word_12
66,caksep66,P@55word_66
132,caksep132,P@55word_132
260,caksep260,P@55word_260
277,caksep277,P@55word_277